pH,Temperature,Contact time,Initial concentration,Adsorbent dosage,Adsorption capacity,Adsorbent
7,25,1440,1.0,0.02,-4.460093897,PB600
7,25,1440,1.0,0.04,10.68075117,PB600
7,25,1440,1.0,0.08,7.981220657,PB600
7,25,1440,1.0,0.12,5.907668232,PB600
7,25,1440,1.0,0.16,5.017605634,PB600
7,25,1440,1.0,0.02,6.103286385,PB600
7,25,1440,1.0,0.04,9.507042254,PB600
7,25,1440,1.0,0.08,8.568075117,PB600
7,25,1440,1.0,0.12,2.777777778,PB600
7,25,1440,1.0,0.16,4.137323944,PB600
7,25,1440,1.0,0.02,8.450704225,PB600
7,25,1440,1.0,0.04,7.746478873,PB600
7,25,1440,1.0,0.08,7.687793427,PB600
7,25,1440,1.0,0.12,5.125195618,PB600
7,25,1440,1.0,0.16,4.430751174,PB600
7,25,1440,1.0,0.02,7.692307692,PB600
7,25,1440,1.0,0.04,8.14479638,PB600
7,25,1440,1.0,0.08,6.561085973,PB600
7,25,1440,1.0,0.12,5.354449472,PB600
7,25,1440,1.0,0.16,4.524886878,PB600
7,25,1440,1.0,0.02,7.239819005,PB600
7,25,1440,1.0,0.04,7.918552036,PB600
7,25,1440,1.0,0.08,7.239819005,PB600
7,25,1440,1.0,0.12,5.957767722,PB600
7,25,1440,1.0,0.16,4.751131222,PB600
7,25,1440,1.0,0.02,5.429864253,PB600
7,25,1440,1.0,0.04,6.787330317,PB600
7,25,1440,1.0,0.08,6.900452489,PB600
7,25,1440,1.0,0.12,5.80693816,PB600
7,25,1440,1.0,0.16,4.807692308,PB600
7,25,30,1.0,0.12,1.578047264,PB600
7,25,60,1.0,0.12,2.277674129,PB600
7,25,120,1.0,0.12,1.966728856,PB600
7,25,180,1.0,0.12,0.80068408,PB600
7,25,360,1.0,0.12,3.443718905,PB600
7,25,540,1.0,0.12,2.899564677,PB600
7,25,720,1.0,0.12,-0.987251244,PB600
7,25,1440,1.0,0.12,4.065609453,PB600
7,25,30,1.0,0.12,2.277674129,PB600
7,25,60,1.0,0.12,2.355410448,PB600
7,25,120,1.0,0.12,2.277674129,PB600
7,25,180,1.0,0.12,2.899564677,PB600
7,25,360,1.0,0.12,2.977300995,PB600
7,25,540,1.0,0.12,3.521455224,PB600
7,25,720,1.0,0.12,3.910136816,PB600
7,25,1440,1.0,0.12,4.143345771,PB600
7,25,30,1.0,0.12,2.044465174,PB600
7,25,60,1.0,0.12,2.199937811,PB600
7,25,120,1.0,0.12,2.433146766,PB600
7,25,180,1.0,0.12,2.821828358,PB600
7,25,360,1.0,0.12,1.811256219,PB600
7,25,540,1.0,0.12,3.832400498,PB600
7,25,720,1.0,0.12,4.065609453,PB600
7,25,1440,1.0,0.12,3.987873134,PB600
7,25,30,1.0,0.12,3.46907994,PB600
7,25,60,1.0,0.12,3.242835596,PB600
7,25,120,1.0,0.12,3.921568627,PB600
7,25,180,1.0,0.12,4.751131222,PB600
7,25,360,1.0,0.12,4.67571644,PB600
7,25,540,1.0,0.12,4.751131222,PB600
7,25,720,1.0,0.12,3.092006033,PB600
7,25,1440,1.0,0.12,4.826546003,PB600
7,25,30,1.0,0.12,3.318250377,PB600
7,25,60,1.0,0.12,3.619909502,PB600
7,25,120,1.0,0.12,3.996983409,PB600
7,25,180,1.0,0.12,4.600301659,PB600
7,25,360,1.0,0.12,4.600301659,PB600
7,25,540,1.0,0.12,4.67571644,PB600
7,25,720,1.0,0.12,4.826546003,PB600
7,25,1440,1.0,0.12,4.826546003,PB600
7,25,30,1.0,0.12,3.770739065,PB600
7,25,60,1.0,0.12,3.996983409,PB600
7,25,120,1.0,0.12,3.393665158,PB600
7,25,180,1.0,0.12,4.449472097,PB600
7,25,360,1.0,0.12,4.449472097,PB600
7,25,540,1.0,0.12,4.901960784,PB600
7,25,720,1.0,0.12,4.826546003,PB600
7,25,1440,1.0,0.12,4.901960784,PB600
7,25,720,0.5,0.12,3.513999243,PB600
7,25,720,1.0,0.12,4.653802497,PB600
7,25,720,2.0,0.12,4.568671964,PB600
7,25,720,3.0,0.12,5.807794173,PB600
7,25,720,5.0,0.12,6.772606886,PB600
7,25,720,7.0,0.12,8.39954597,PB600
7,25,720,0.5,0.12,3.419409762,PB600
7,25,720,1.0,0.12,4.370034052,PB600
7,25,720,2.0,0.12,4.095724555,PB600
7,25,720,3.0,0.12,5.996973137,PB600
7,25,720,5.0,0.12,8.569807037,PB600
7,25,720,7.0,0.12,8.872493379,PB600
7,25,720,0.5,0.12,2.946462353,PB600
7,25,720,1.0,0.12,4.275444571,PB600
7,25,720,2.0,0.12,5.041619372,PB600
7,25,720,3.0,0.12,5.713204692,PB600
7,25,720,5.0,0.12,7.623912221,PB600
7,25,720,7.0,0.12,8.39954597,PB600
7,25,720,0.5,0.12,2.887395201,PB600
7,25,720,1.0,0.12,5.030355594,PB600
7,25,720,2.0,0.12,7.364845331,PB600
7,25,720,3.0,0.12,9.482509396,PB600
7,25,720,5.0,0.12,12.70598439,PB600
7,25,720,7.0,0.12,15.85718416,PB600
7,25,720,0.5,0.12,2.959670425,PB600
7,25,720,1.0,0.12,5.030355594,PB600
7,25,720,2.0,0.12,7.075744435,PB600
7,25,720,3.0,0.12,9.265683724,PB600
7,25,720,5.0,0.12,12.48915872,PB600
7,25,720,7.0,0.12,14.4839549,PB600
7,25,720,0.5,0.12,2.598294305,PB600
7,25,720,1.0,0.12,5.030355594,PB600
7,25,720,2.0,0.12,7.292570107,PB600
7,25,720,3.0,0.12,9.482509396,PB600
7,25,720,5.0,0.12,12.41688349,PB600
7,25,720,7.0,0.12,15.13443192,PB600
7,15,720,1.0,0.12,-0.987251244,PB600
7,25,720,1.0,0.12,4.065976218,PB600
7,35,720,1.0,0.12,3.394706559,PB600
7,45,720,1.0,0.12,3.394706559,PB600
7,15,720,1.0,0.12,3.910136816,PB600
7,25,720,1.0,0.12,4.353663214,PB600
7,35,720,1.0,0.12,3.58649789,PB600
7,45,720,1.0,0.12,3.394706559,PB600
7,15,720,1.0,0.12,3.754664179,PB600
7,25,720,1.0,0.12,3.394706559,PB600
7,35,720,1.0,0.12,3.58649789,PB600
7,45,720,1.0,0.12,3.490602225,PB600
7,15,720,1.0,0.12,4.355425056,PB600
7,25,720,1.0,0.12,4.215604027,PB600
7,35,720,1.0,0.12,4.452153802,PB600
7,45,720,1.0,0.12,3.097035794,PB600
7,15,720,1.0,0.12,4.145693512,PB600
7,25,720,1.0,0.12,4.215604027,PB600
7,35,720,1.0,0.12,4.307603354,PB600
7,45,720,1.0,0.12,4.005872483,PB600
7,15,720,1.0,0.12,4.5651566,PB600
7,25,720,1.0,0.12,4.42533557,PB600
7,35,720,1.0,0.12,5.030355594,PB600
7,45,720,1.0,0.12,4.075782998,PB600
7,25,720,1.0,0.12,2.345474614,PB600
7,25,720,1.0,0.12,1.56581741,PB600
7,25,720,1.0,0.12,4.516129032,PB600
7,25,720,1.0,0.12,5.887681159,PB600
7,25,720,1.0,0.12,1.793598234,PB600
7,25,720,1.0,0.12,3.158174098,PB600
7,25,720,1.0,0.12,4.784946237,PB600
7,25,720,1.0,0.12,5.887681159,PB600
7,25,720,1.0,0.12,2.621412804,PB600
7,25,720,1.0,0.12,3.158174098,PB600
7,25,720,1.0,0.12,4.247311828,PB600
7,25,720,1.0,0.12,5.887681159,PB600
7,25,720,1.0,0.12,5.170421722,PB600
7,25,720,1.0,0.12,5.588907947,PB600
7,25,720,1.0,0.12,5.530371714,PB600
7,25,720,1.0,0.12,6.362889984,PB600
7,25,720,1.0,0.12,4.881571346,PB600
7,25,720,1.0,0.12,5.231560892,PB600
7,25,720,1.0,0.12,5.681474766,PB600
7,25,720,1.0,0.12,6.294471812,PB600
7,25,720,1.0,0.12,4.881571346,PB600
7,25,720,1.0,0.12,5.231560892,PB600
7,25,720,1.0,0.12,5.681474766,PB600
7,25,720,1.0,0.12,6.294471812,PB600
7,25,30,10.0,0.05,124.4444444,PAC
7,25,30,20.0,0.05,106.6666667,PAC
7,25,30,30.0,0.05,186.6666667,PAC
7,25,30,50.0,0.05,133.3333333,PAC
7,25,30,80.0,0.05,186.6666667,PAC
7,25,30,100.0,0.05,200.0,PAC
7,25,30,10.0,0.05,120.0,PAC
7,25,30,20.0,0.05,120.0,PAC
7,25,30,30.0,0.05,120.0,PAC
7,25,30,50.0,0.05,142.2222222,PAC
7,25,30,80.0,0.05,200.0,PAC
7,25,30,100.0,0.05,204.4444444,PAC
7,25,30,10.0,0.05,69.77777778,PAC
7,25,30,20.0,0.05,148.2962963,PAC
7,25,30,30.0,0.05,189.7777778,PAC
7,25,30,50.0,0.05,243.1111111,PAC
7,25,30,80.0,0.05,372.0,PAC
7,25,30,100.0,0.05,385.3333333,PAC
7,25,30,10.0,0.05,96.44444444,PAC
7,25,30,20.0,0.05,149.7777778,PAC
7,25,30,30.0,0.05,183.8518519,PAC
7,25,30,50.0,0.05,260.8888889,PAC
7,25,30,80.0,0.05,367.5555556,PAC
7,25,30,100.0,0.05,385.3333333,PAC
7,25,30,10.0,0.05,97.81746032,PAC
7,25,30,20.0,0.05,149.4047619,PAC
7,25,30,30.0,0.05,199.8015873,PAC
7,25,30,50.0,0.05,228.3730159,PAC
7,25,30,80.0,0.05,265.2777778,PAC
7,25,30,100.0,0.05,305.7539683,PAC
7,25,30,10.0,0.05,99.4047619,PAC
7,25,30,20.0,0.05,132.3412698,PAC
7,25,30,30.0,0.05,163.9550265,PAC
7,25,30,50.0,0.05,212.1031746,PAC
7,25,30,80.0,0.05,259.3253968,PAC
7,25,30,100.0,0.05,318.8492063,PAC
3,25,30,10.0,0.05,93.33333333,PAC
5,25,30,10.0,0.05,40.0,PAC
7,25,30,10.0,0.05,13.33333333,PAC
9,25,30,10.0,0.05,0.0,PAC
3,25,30,10.0,0.05,93.33333333,PAC
5,25,30,10.0,0.05,40.0,PAC
7,25,30,10.0,0.05,13.33333333,PAC
9,25,30,10.0,0.05,0.0,PAC
3,25,30,10.0,0.05,93.33333333,PAC
5,25,30,10.0,0.05,40.0,PAC
7,25,30,10.0,0.05,13.33333333,PAC
9,25,30,10.0,0.05,0.0,PAC
3,25,30,10.0,0.05,43.11111111,PAC
5,25,30,10.0,0.05,65.33333333,PAC
7,25,30,10.0,0.05,87.55555556,PAC
9,25,30,10.0,0.05,87.55555556,PAC
3,25,30,10.0,0.05,43.11111111,PAC
5,25,30,10.0,0.05,65.33333333,PAC
7,25,30,10.0,0.05,87.55555556,PAC
9,25,30,10.0,0.05,87.55555556,PAC
3,25,30,10.0,0.05,43.11111111,PAC
5,25,30,10.0,0.05,65.33333333,PAC
7,25,30,10.0,0.05,87.55555556,PAC
9,25,30,10.0,0.05,87.55555556,PAC
3,25,30,10.0,0.05,90.27777778,PAC
5,25,30,10.0,0.05,104.9603175,PAC
7,25,30,10.0,0.05,92.65873016,PAC
9,25,30,10.0,0.05,100.1984127,PAC
3,25,30,10.0,0.05,90.27777778,PAC
5,25,30,10.0,0.05,104.9603175,PAC
7,25,30,10.0,0.05,92.65873016,PAC
9,25,30,10.0,0.05,100.1984127,PAC
3,25,30,10.0,0.05,90.27777778,PAC
5,25,30,10.0,0.05,104.9603175,PAC
7,25,30,10.0,0.05,92.65873016,PAC
9,25,30,10.0,0.05,100.1984127,PAC
7,15,30,10.0,0.05,53.33333333,PAC
7,25,30,10.0,0.05,53.33333333,PAC
7,35,30,10.0,0.05,53.33333333,PAC
7,45,30,10.0,0.05,53.33333333,PAC
7,15,30,10.0,0.05,53.33333333,PAC
7,25,30,10.0,0.05,53.33333333,PAC
7,35,30,10.0,0.05,53.33333333,PAC
7,45,30,10.0,0.05,53.33333333,PAC
7,15,30,10.0,0.05,53.33333333,PAC
7,25,30,10.0,0.05,53.33333333,PAC
7,35,30,10.0,0.05,53.33333333,PAC
7,45,30,10.0,0.05,53.33333333,PAC
7,15,30,10.0,0.05,56.44444444,PAC
7,25,30,10.0,0.05,74.22222222,PAC
7,35,30,10.0,0.05,78.66666667,PAC
7,45,30,10.0,0.05,87.55555556,PAC
7,15,30,10.0,0.05,56.44444444,PAC
7,25,30,10.0,0.05,74.22222222,PAC
7,35,30,10.0,0.05,78.66666667,PAC
7,45,30,10.0,0.05,87.55555556,PAC
7,15,30,10.0,0.05,56.44444444,PAC
7,25,30,10.0,0.05,74.22222222,PAC
7,35,30,10.0,0.05,78.66666667,PAC
7,45,30,10.0,0.05,87.55555556,PAC
7,15,30,10.0,0.05,85.51587302,PAC
7,25,30,10.0,0.05,95.83333333,PAC
7,35,30,10.0,0.05,105.7539683,PAC
7,45,30,10.0,0.05,115.2777778,PAC
7,15,30,10.0,0.05,85.51587302,PAC
7,25,30,10.0,0.05,95.83333333,PAC
7,35,30,10.0,0.05,105.7539683,PAC
7,45,30,10.0,0.05,115.2777778,PAC
7,15,30,10.0,0.05,85.51587302,PAC
7,25,30,10.0,0.05,95.83333333,PAC
7,35,30,10.0,0.05,105.7539683,PAC
7,45,30,10.0,0.05,115.2777778,PAC
7,25,30,10.0,0.05,53.33333333,PAC
7,25,30,10.0,0.05,40.0,PAC
7,25,30,10.0,0.05,66.66666667,PAC
7,25,30,10.0,0.05,80.0,PAC
7,25,30,10.0,0.05,53.33333333,PAC
7,25,30,10.0,0.05,53.33333333,PAC
7,25,30,10.0,0.05,53.33333333,PAC
7,25,30,10.0,0.05,26.66666667,PAC
7,25,30,10.0,0.05,66.66666667,PAC
7,25,30,10.0,0.05,80.0,PAC
7,25,30,10.0,0.05,66.66666667,PAC
7,25,30,10.0,0.05,66.66666667,PAC
7,25,30,10.0,0.05,53.33333333,PAC
7,25,30,10.0,0.05,26.66666667,PAC
7,25,30,10.0,0.05,66.66666667,PAC
7,25,30,10.0,0.05,80.0,PAC
7,25,30,10.0,0.05,53.33333333,PAC
7,25,30,10.0,0.05,53.33333333,PAC
7,25,30,10.0,0.05,43.11111111,PAC
7,25,30,10.0,0.05,29.77777778,PAC
7,25,30,10.0,0.05,38.66666667,PAC
7,25,30,10.0,0.05,56.44444444,PAC
7,25,30,10.0,0.05,47.55555556,PAC
7,25,30,10.0,0.05,56.44444444,PAC
7,25,30,10.0,0.05,43.11111111,PAC
7,25,30,10.0,0.05,29.77777778,PAC
7,25,30,10.0,0.05,38.66666667,PAC
7,25,30,10.0,0.05,56.44444444,PAC
7,25,30,10.0,0.05,47.55555556,PAC
7,25,30,10.0,0.05,56.44444444,PAC
7,25,30,10.0,0.05,43.11111111,PAC
7,25,30,10.0,0.05,29.77777778,PAC
7,25,30,10.0,0.05,38.66666667,PAC
7,25,30,10.0,0.05,56.44444444,PAC
7,25,30,10.0,0.05,47.55555556,PAC
7,25,30,10.0,0.05,56.44444444,PAC
7,25,30,10.0,0.05,102.1825397,PAC
7,25,30,10.0,0.05,92.65873016,PAC
7,25,30,10.0,0.05,82.34126984,PAC
7,25,30,10.0,0.05,99.4047619,PAC
7,25,30,10.0,0.05,109.3253968,PAC
7,25,30,10.0,0.05,102.9761905,PAC
7,25,30,10.0,0.05,102.1825397,PAC
7,25,30,10.0,0.05,92.65873016,PAC
7,25,30,10.0,0.05,82.34126984,PAC
7,25,30,10.0,0.05,99.4047619,PAC
7,25,30,10.0,0.05,109.3253968,PAC
7,25,30,10.0,0.05,102.9761905,PAC
7,25,30,10.0,0.05,102.1825397,PAC
7,25,30,10.0,0.05,92.65873016,PAC
7,25,30,10.0,0.05,82.34126984,PAC
7,25,30,10.0,0.05,99.4047619,PAC
7,25,30,10.0,0.05,109.3253968,PAC
7,25,30,10.0,0.05,102.9761905,PAC
7,25,0,30.0,0.15,0.0,NaOH-activated SCW biochars
7,25,30,30.0,0.15,197.8062144,NaOH-activated SCW biochars
7,25,60,30.0,0.15,150.1989005,NaOH-activated SCW biochars
7,25,120,30.0,0.15,167.5159495,NaOH-activated SCW biochars
7,25,240,30.0,0.15,149.605412,NaOH-activated SCW biochars
7,25,480,30.0,0.15,195.9498078,NaOH-activated SCW biochars
7,25,720,30.0,0.15,167.515083,NaOH-activated SCW biochars
7,25,960,30.0,0.15,186.4946966,NaOH-activated SCW biochars
7,25,1440,30.0,0.15,186.4946966,NaOH-activated SCW biochars
7,25,0,30.0,0.15,0.0,NaOH-activated SCW biochars
7,25,30,30.0,0.15,133.9387453,NaOH-activated SCW biochars
7,25,60,30.0,0.15,147.6588002,NaOH-activated SCW biochars
7,25,120,30.0,0.15,148.4531924,NaOH-activated SCW biochars
7,25,240,30.0,0.15,176.1731686,NaOH-activated SCW biochars
7,25,480,30.0,0.15,193.5824935,NaOH-activated SCW biochars
7,25,720,30.0,0.15,193.6168628,NaOH-activated SCW biochars
7,25,960,30.0,0.15,194.2473483,NaOH-activated SCW biochars
7,25,1440,30.0,0.15,194.2473483,NaOH-activated SCW biochars
7,25,0,30.0,0.15,0.0,NaOH-activated SCW biochars
7,25,30,30.0,0.15,144.533151,NaOH-activated SCW biochars
7,25,60,30.0,0.15,160.0832954,NaOH-activated SCW biochars
7,25,120,30.0,0.15,157.48997,NaOH-activated SCW biochars
7,25,240,30.0,0.15,187.9339624,NaOH-activated SCW biochars
7,25,480,30.0,0.15,180.7380892,NaOH-activated SCW biochars
7,25,720,30.0,0.15,194.3002695,NaOH-activated SCW biochars
7,25,960,30.0,0.15,194.1076374,NaOH-activated SCW biochars
7,25,1440,30.0,0.15,194.1076374,NaOH-activated SCW biochars
7,25,0,30.0,0.15,0.0,NaOH-activated SCW biochars
7,25,30,30.0,0.15,145.5371278,NaOH-activated SCW biochars
7,25,60,30.0,0.15,91.05162851,NaOH-activated SCW biochars
7,25,120,30.0,0.15,107.1628758,NaOH-activated SCW biochars
7,25,240,30.0,0.15,83.81957075,NaOH-activated SCW biochars
7,25,480,30.0,0.15,110.8222473,NaOH-activated SCW biochars
7,25,720,30.0,0.15,82.1890143,NaOH-activated SCW biochars
7,25,960,30.0,0.15,90.8839765,NaOH-activated SCW biochars
7,25,1440,30.0,0.15,90.8839765,NaOH-activated SCW biochars
7,25,0,30.0,0.15,0.0,NaOH-activated SCW biochars
7,25,30,30.0,0.15,70.50262639,NaOH-activated SCW biochars
7,25,60,30.0,0.15,88.93581999,NaOH-activated SCW biochars
7,25,120,30.0,0.15,85.37041814,NaOH-activated SCW biochars
7,25,240,30.0,0.15,109.4004336,NaOH-activated SCW biochars
7,25,480,30.0,0.15,92.89581855,NaOH-activated SCW biochars
7,25,720,30.0,0.15,98.33483822,NaOH-activated SCW biochars
7,25,960,30.0,0.15,100.211,NaOH-activated SCW biochars
7,25,1440,30.0,0.15,91.25331613,NaOH-activated SCW biochars
7,25,0,30.0,0.15,0.0,NaOH-activated SCW biochars
7,25,30,30.0,0.15,85.45114121,NaOH-activated SCW biochars
7,25,60,30.0,0.15,92.14540113,NaOH-activated SCW biochars
7,25,120,30.0,0.15,95.45575979,NaOH-activated SCW biochars
7,25,240,30.0,0.15,102.0173098,NaOH-activated SCW biochars
7,25,480,30.0,0.15,86.33087176,NaOH-activated SCW biochars
7,25,720,30.0,0.15,99.37428786,NaOH-activated SCW biochars
7,25,960,30.0,0.15,98.53143789,NaOH-activated SCW biochars
7,25,1440,30.0,0.15,107.8474291,NaOH-activated SCW biochars
7,25,0,30.0,0.15,0.0,NaOH-activated SCW biochars
7,25,30,30.0,0.15,122.2710243,NaOH-activated SCW biochars
7,25,60,30.0,0.15,73.19550477,NaOH-activated SCW biochars
7,25,120,30.0,0.15,86.91503319,NaOH-activated SCW biochars
7,25,240,30.0,0.15,68.53641667,NaOH-activated SCW biochars
7,25,480,30.0,0.15,87.9671812,NaOH-activated SCW biochars
7,25,720,30.0,0.15,62.81852335,NaOH-activated SCW biochars
7,25,960,30.0,0.15,72.58487273,NaOH-activated SCW biochars
7,25,1440,30.0,0.15,72.58487273,NaOH-activated SCW biochars
7,25,0,30.0,0.15,0.0,NaOH-activated SCW biochars
7,25,30,30.0,0.15,55.28905586,NaOH-activated SCW biochars
7,25,60,30.0,0.15,75.21676107,NaOH-activated SCW biochars
7,25,120,30.0,0.15,69.24782798,NaOH-activated SCW biochars
7,25,240,30.0,0.15,89.11830469,NaOH-activated SCW biochars
7,25,480,30.0,0.15,68.49643457,NaOH-activated SCW biochars
7,25,720,30.0,0.15,79.15079906,NaOH-activated SCW biochars
7,25,960,30.0,0.15,80.96391749,NaOH-activated SCW biochars
7,25,1440,30.0,0.15,73.1777263,NaOH-activated SCW biochars
7,25,0,30.0,0.15,0.0,NaOH-activated SCW biochars
7,25,30,30.0,0.15,71.26186908,NaOH-activated SCW biochars
7,25,60,30.0,0.15,73.30368092,NaOH-activated SCW biochars
7,25,120,30.0,0.15,79.17594846,NaOH-activated SCW biochars
7,25,240,30.0,0.15,79.91301527,NaOH-activated SCW biochars
7,25,480,30.0,0.15,65.97291703,NaOH-activated SCW biochars
7,25,720,30.0,0.15,75.44196368,NaOH-activated SCW biochars
7,25,960,30.0,0.15,79.93079374,NaOH-activated SCW biochars
7,25,1440,30.0,0.15,87.71698493,NaOH-activated SCW biochars
7,25,0,30.0,0.15,0.0,NaOH-activated SCW biochars
7,25,30,30.0,0.15,90.16372742,NaOH-activated SCW biochars
7,25,60,30.0,0.15,101.6589423,NaOH-activated SCW biochars
7,25,120,30.0,0.15,131.7447333,NaOH-activated SCW biochars
7,25,240,30.0,0.15,159.1299781,NaOH-activated SCW biochars
7,25,480,30.0,0.15,167.0261165,NaOH-activated SCW biochars
7,25,720,30.0,0.15,174.3891721,NaOH-activated SCW biochars
7,25,960,30.0,0.15,174.5851161,NaOH-activated SCW biochars
7,25,1440,30.0,0.15,174.4023557,NaOH-activated SCW biochars
7,25,0,30.0,0.15,0.0,NaOH-activated SCW biochars
7,25,30,30.0,0.15,97.30484165,NaOH-activated SCW biochars
7,25,60,30.0,0.15,104.2284102,NaOH-activated SCW biochars
7,25,120,30.0,0.15,130.5675555,NaOH-activated SCW biochars
7,25,240,30.0,0.15,137.6983484,NaOH-activated SCW biochars
7,25,480,30.0,0.15,166.7371919,NaOH-activated SCW biochars
7,25,720,30.0,0.15,169.4636967,NaOH-activated SCW biochars
7,25,960,30.0,0.15,174.0739176,NaOH-activated SCW biochars
7,25,1440,30.0,0.15,174.6533266,NaOH-activated SCW biochars
7,25,0,30.0,0.15,0.0,NaOH-activated SCW biochars
7,25,30,30.0,0.15,81.21305296,NaOH-activated SCW biochars
7,25,60,30.0,0.15,105.2579301,NaOH-activated SCW biochars
7,25,120,30.0,0.15,130.9519993,NaOH-activated SCW biochars
7,25,240,30.0,0.15,153.5606127,NaOH-activated SCW biochars
7,25,480,30.0,0.15,165.6472907,NaOH-activated SCW biochars
7,25,720,30.0,0.15,179.0690258,NaOH-activated SCW biochars
7,25,960,30.0,0.15,174.0987509,NaOH-activated SCW biochars
7,25,1440,30.0,0.15,174.0997342,NaOH-activated SCW biochars
7,25,0,30.0,0.15,0.0,NaOH-activated SCW biochars
7,25,30,30.0,0.15,48.76561963,NaOH-activated SCW biochars
7,25,60,30.0,0.15,59.25733972,NaOH-activated SCW biochars
7,25,120,30.0,0.15,75.37698164,NaOH-activated SCW biochars
7,25,240,30.0,0.15,82.2331982,NaOH-activated SCW biochars
7,25,480,30.0,0.15,81.07539783,NaOH-activated SCW biochars
7,25,720,30.0,0.15,83.55758536,NaOH-activated SCW biochars
7,25,960,30.0,0.15,83.15424445,NaOH-activated SCW biochars
7,25,1440,30.0,0.15,77.84886873,NaOH-activated SCW biochars
7,25,0,30.0,0.15,0.0,NaOH-activated SCW biochars
7,25,30,30.0,0.15,49.82859055,NaOH-activated SCW biochars
7,25,60,30.0,0.15,61.17099034,NaOH-activated SCW biochars
7,25,120,30.0,0.15,73.87287411,NaOH-activated SCW biochars
7,25,240,30.0,0.15,84.01079555,NaOH-activated SCW biochars
7,25,480,30.0,0.15,83.48408389,NaOH-activated SCW biochars
7,25,720,30.0,0.15,82.83055081,NaOH-activated SCW biochars
7,25,960,30.0,0.15,82.32420485,NaOH-activated SCW biochars
7,25,1440,30.0,0.15,77.22438452,NaOH-activated SCW biochars
7,25,0,30.0,0.15,0.0,NaOH-activated SCW biochars
7,25,30,30.0,0.15,48.58470016,NaOH-activated SCW biochars
7,25,60,30.0,0.15,60.68388993,NaOH-activated SCW biochars
7,25,120,30.0,0.15,73.12544754,NaOH-activated SCW biochars
7,25,240,30.0,0.15,80.48293555,NaOH-activated SCW biochars
7,25,480,30.0,0.15,81.93930885,NaOH-activated SCW biochars
7,25,720,30.0,0.15,82.6411851,NaOH-activated SCW biochars
7,25,960,30.0,0.15,82.6411851,NaOH-activated SCW biochars
7,25,1440,30.0,0.15,77.29375601,NaOH-activated SCW biochars
7,25,0,30.0,0.15,0.0,NaOH-activated SCW biochars
7,25,30,30.0,0.15,38.20195295,NaOH-activated SCW biochars
7,25,60,30.0,0.15,49.12704629,NaOH-activated SCW biochars
7,25,120,30.0,0.15,63.24195191,NaOH-activated SCW biochars
7,25,240,30.0,0.15,65.04069084,NaOH-activated SCW biochars
7,25,480,30.0,0.15,65.18409441,NaOH-activated SCW biochars
7,25,720,30.0,0.15,65.30178063,NaOH-activated SCW biochars
7,25,960,30.0,0.15,65.65806376,NaOH-activated SCW biochars
7,25,1440,30.0,0.15,62.05258655,NaOH-activated SCW biochars
7,25,0,30.0,0.15,0.0,NaOH-activated SCW biochars
7,25,30,30.0,0.15,38.28960079,NaOH-activated SCW biochars
7,25,60,30.0,0.15,47.76470588,NaOH-activated SCW biochars
7,25,120,30.0,0.15,62.99284614,NaOH-activated SCW biochars
7,25,240,30.0,0.15,65.00045691,NaOH-activated SCW biochars
7,25,480,30.0,0.15,65.31376465,NaOH-activated SCW biochars
7,25,720,30.0,0.15,66.30728963,NaOH-activated SCW biochars
7,25,960,30.0,0.15,66.37257513,NaOH-activated SCW biochars
7,25,1440,30.0,0.15,61.42780915,NaOH-activated SCW biochars
7,25,0,30.0,0.15,0.0,NaOH-activated SCW biochars
7,25,30,30.0,0.15,37.61648521,NaOH-activated SCW biochars
7,25,60,30.0,0.15,53.95005352,NaOH-activated SCW biochars
7,25,120,30.0,0.15,62.754432,NaOH-activated SCW biochars
7,25,240,30.0,0.15,58.29815148,NaOH-activated SCW biochars
7,25,480,30.0,0.15,61.55100389,NaOH-activated SCW biochars
7,25,720,30.0,0.15,62.44209028,NaOH-activated SCW biochars
7,25,960,30.0,0.15,61.30115402,NaOH-activated SCW biochars
7,25,1440,30.0,0.15,61.32747771,NaOH-activated SCW biochars
7,25,1440,10.0,0.15,64.28113937,NaOH-activated SCW biochars
7,25,1440,20.0,0.15,130.2845151,NaOH-activated SCW biochars
7,25,1440,30.0,0.15,188.691543,NaOH-activated SCW biochars
7,25,1440,40.0,0.15,250.8498015,NaOH-activated SCW biochars
7,25,1440,50.0,0.15,267.7647505,NaOH-activated SCW biochars
7,25,1440,10.0,0.15,64.2882987,NaOH-activated SCW biochars
7,25,1440,20.0,0.15,130.4479165,NaOH-activated SCW biochars
7,25,1440,30.0,0.15,189.7662175,NaOH-activated SCW biochars
7,25,1440,40.0,0.15,236.0124778,NaOH-activated SCW biochars
7,25,1440,50.0,0.15,265.9695332,NaOH-activated SCW biochars
7,25,1440,10.0,0.15,64.28994126,NaOH-activated SCW biochars
7,25,1440,20.0,0.15,129.7318822,NaOH-activated SCW biochars
7,25,1440,30.0,0.15,192.3271992,NaOH-activated SCW biochars
7,25,1440,40.0,0.15,246.5544737,NaOH-activated SCW biochars
7,25,1440,50.0,0.15,266.2126217,NaOH-activated SCW biochars
7,25,1440,10.0,0.15,63.06336646,NaOH-activated SCW biochars
7,25,1440,20.0,0.15,93.21063911,NaOH-activated SCW biochars
7,25,1440,30.0,0.15,90.9394638,NaOH-activated SCW biochars
7,25,1440,40.0,0.15,103.6557078,NaOH-activated SCW biochars
7,25,1440,50.0,0.15,95.19579171,NaOH-activated SCW biochars
7,25,1440,10.0,0.15,62.57653284,NaOH-activated SCW biochars
7,25,1440,20.0,0.15,100.7224628,NaOH-activated SCW biochars
7,25,1440,30.0,0.15,93.91547723,NaOH-activated SCW biochars
7,25,1440,40.0,0.15,97.69569189,NaOH-activated SCW biochars
7,25,1440,50.0,0.15,87.18488053,NaOH-activated SCW biochars
7,25,1440,10.0,0.15,62.2813586,NaOH-activated SCW biochars
7,25,1440,20.0,0.15,92.93395168,NaOH-activated SCW biochars
7,25,1440,30.0,0.15,102.4109218,NaOH-activated SCW biochars
7,25,1440,40.0,0.15,100.369383,NaOH-activated SCW biochars
7,25,1440,50.0,0.15,87.88959852,NaOH-activated SCW biochars
7,25,1440,10.0,0.15,60.56256149,NaOH-activated SCW biochars
7,25,1440,20.0,0.15,70.38856734,NaOH-activated SCW biochars
7,25,1440,30.0,0.15,70.69892803,NaOH-activated SCW biochars
7,25,1440,40.0,0.15,96.49892036,NaOH-activated SCW biochars
7,25,1440,50.0,0.15,74.63207993,NaOH-activated SCW biochars
7,25,1440,10.0,0.15,59.62634316,NaOH-activated SCW biochars
7,25,1440,20.0,0.15,76.26578251,NaOH-activated SCW biochars
7,25,1440,30.0,0.15,72.68331481,NaOH-activated SCW biochars
7,25,1440,40.0,0.15,71.02359871,NaOH-activated SCW biochars
7,25,1440,50.0,0.15,65.98984246,NaOH-activated SCW biochars
7,25,1440,10.0,0.15,59.06881572,NaOH-activated SCW biochars
7,25,1440,20.0,0.15,66.7194092,NaOH-activated SCW biochars
7,25,1440,30.0,0.15,79.86046482,NaOH-activated SCW biochars
7,25,1440,40.0,0.15,82.90389308,NaOH-activated SCW biochars
7,25,1440,50.0,0.15,66.17053164,NaOH-activated SCW biochars
7,25,1440,10.0,0.15,64.8903021,NaOH-activated SCW biochars
7,25,1440,20.0,0.15,126.1433558,NaOH-activated SCW biochars
7,25,1440,30.0,0.15,185.1952087,NaOH-activated SCW biochars
7,25,1440,40.0,0.15,224.3642559,NaOH-activated SCW biochars
7,25,1440,50.0,0.15,253.7893399,NaOH-activated SCW biochars
7,25,1440,10.0,0.15,65.00011112,NaOH-activated SCW biochars
7,25,1440,20.0,0.15,126.0338032,NaOH-activated SCW biochars
7,25,1440,30.0,0.15,185.4803703,NaOH-activated SCW biochars
7,25,1440,40.0,0.15,225.3867619,NaOH-activated SCW biochars
7,25,1440,50.0,0.15,242.6313591,NaOH-activated SCW biochars
7,25,1440,10.0,0.15,64.88745858,NaOH-activated SCW biochars
7,25,1440,20.0,0.15,125.8746342,NaOH-activated SCW biochars
7,25,1440,30.0,0.15,185.3826534,NaOH-activated SCW biochars
7,25,1440,40.0,0.15,229.5904756,NaOH-activated SCW biochars
7,25,1440,50.0,0.15,256.5606528,NaOH-activated SCW biochars
7,25,1440,10.0,0.15,54.51822576,NaOH-activated SCW biochars
7,25,1440,20.0,0.15,77.09472432,NaOH-activated SCW biochars
7,25,1440,30.0,0.15,92.41984573,NaOH-activated SCW biochars
7,25,1440,40.0,0.15,86.86297093,NaOH-activated SCW biochars
7,25,1440,50.0,0.15,114.5396487,NaOH-activated SCW biochars
7,25,1440,10.0,0.15,55.99221794,NaOH-activated SCW biochars
7,25,1440,20.0,0.15,70.47311206,NaOH-activated SCW biochars
7,25,1440,30.0,0.15,109.0937645,NaOH-activated SCW biochars
7,25,1440,40.0,0.15,92.0230423,NaOH-activated SCW biochars
7,25,1440,50.0,0.15,95.69277177,NaOH-activated SCW biochars
7,25,1440,10.0,0.15,54.75327727,NaOH-activated SCW biochars
7,25,1440,20.0,0.15,86.63204392,NaOH-activated SCW biochars
7,25,1440,30.0,0.15,87.70689064,NaOH-activated SCW biochars
7,25,1440,40.0,0.15,96.55184796,NaOH-activated SCW biochars
7,25,1440,50.0,0.15,92.80229311,NaOH-activated SCW biochars
7,25,1440,10.0,0.15,52.79813938,NaOH-activated SCW biochars
7,25,1440,20.0,0.15,65.8862209,NaOH-activated SCW biochars
7,25,1440,30.0,0.15,71.73979226,NaOH-activated SCW biochars
7,25,1440,40.0,0.15,79.65647002,NaOH-activated SCW biochars
7,25,1440,50.0,0.15,74.77360153,NaOH-activated SCW biochars
7,25,1440,10.0,0.15,54.40193413,NaOH-activated SCW biochars
7,25,1440,20.0,0.15,66.76808811,NaOH-activated SCW biochars
7,25,1440,30.0,0.15,71.5674189,NaOH-activated SCW biochars
7,25,1440,40.0,0.15,69.80109888,NaOH-activated SCW biochars
7,25,1440,50.0,0.15,73.28729951,NaOH-activated SCW biochars
7,25,1440,10.0,0.15,52.90707681,NaOH-activated SCW biochars
7,25,1440,20.0,0.15,84.43127563,NaOH-activated SCW biochars
7,25,1440,30.0,0.15,72.73453868,NaOH-activated SCW biochars
7,25,1440,40.0,0.15,70.35687624,NaOH-activated SCW biochars
7,25,1440,50.0,0.15,73.29670399,NaOH-activated SCW biochars
5,25,1440,30.0,0.15,197.4756468,NaOH-activated SCW biochars
7,25,1440,30.0,0.15,173.2751979,NaOH-activated SCW biochars
9,25,1440,30.0,0.15,174.6705689,NaOH-activated SCW biochars
11,25,1440,30.0,0.15,168.5760905,NaOH-activated SCW biochars
5,25,1440,30.0,0.15,195.8013002,NaOH-activated SCW biochars
7,25,1440,30.0,0.15,188.0500596,NaOH-activated SCW biochars
9,25,1440,30.0,0.15,173.2815246,NaOH-activated SCW biochars
11,25,1440,30.0,0.15,176.8751278,NaOH-activated SCW biochars
5,25,1440,30.0,0.15,196.7817474,NaOH-activated SCW biochars
7,25,1440,30.0,0.15,195.1656634,NaOH-activated SCW biochars
9,25,1440,30.0,0.15,184.4251748,NaOH-activated SCW biochars
11,25,1440,30.0,0.15,171.3788888,NaOH-activated SCW biochars
5,25,1440,30.0,0.15,118.9174435,NaOH-activated SCW biochars
7,25,1440,30.0,0.15,91.4210862,NaOH-activated SCW biochars
9,25,1440,30.0,0.15,87.55866613,NaOH-activated SCW biochars
11,25,1440,30.0,0.15,80.01233269,NaOH-activated SCW biochars
5,25,1440,30.0,0.15,121.060048,NaOH-activated SCW biochars
7,25,1440,30.0,0.15,101.5108208,NaOH-activated SCW biochars
9,25,1440,30.0,0.15,77.27186751,NaOH-activated SCW biochars
11,25,1440,30.0,0.15,82.95070272,NaOH-activated SCW biochars
5,25,1440,30.0,0.15,114.1393361,NaOH-activated SCW biochars
7,25,1440,30.0,0.15,107.1711819,NaOH-activated SCW biochars
9,25,1440,30.0,0.15,92.95279609,NaOH-activated SCW biochars
11,25,1440,30.0,0.15,76.62904474,NaOH-activated SCW biochars
5,25,1440,30.0,0.15,110.1641806,NaOH-activated SCW biochars
7,25,1440,30.0,0.15,74.58543937,NaOH-activated SCW biochars
9,25,1440,30.0,0.15,65.19424479,NaOH-activated SCW biochars
11,25,1440,30.0,0.15,52.04717631,NaOH-activated SCW biochars
5,25,1440,30.0,0.15,117.8334879,NaOH-activated SCW biochars
7,25,1440,30.0,0.15,80.8909112,NaOH-activated SCW biochars
9,25,1440,30.0,0.15,55.95778911,NaOH-activated SCW biochars
11,25,1440,30.0,0.15,51.92702275,NaOH-activated SCW biochars
5,25,1440,30.0,0.15,107.3614267,NaOH-activated SCW biochars
7,25,1440,30.0,0.15,88.38450936,NaOH-activated SCW biochars
9,25,1440,30.0,0.15,68.07346008,NaOH-activated SCW biochars
11,25,1440,30.0,0.15,49.08041271,NaOH-activated SCW biochars
5,25,1440,30.0,0.15,187.4285651,NaOH-activated SCW biochars
7,25,1440,30.0,0.15,171.400377,NaOH-activated SCW biochars
9,25,1440,30.0,0.15,151.4639055,NaOH-activated SCW biochars
11,25,1440,30.0,0.15,145.3785096,NaOH-activated SCW biochars
5,25,1440,30.0,0.15,193.1199712,NaOH-activated SCW biochars
7,25,1440,30.0,0.15,171.2564149,NaOH-activated SCW biochars
9,25,1440,30.0,0.15,159.3441062,NaOH-activated SCW biochars
11,25,1440,30.0,0.15,150.9168829,NaOH-activated SCW biochars
5,25,1440,30.0,0.15,190.595886,NaOH-activated SCW biochars
7,25,1440,30.0,0.15,174.855173,NaOH-activated SCW biochars
9,25,1440,30.0,0.15,152.656609,NaOH-activated SCW biochars
11,25,1440,30.0,0.15,141.4453925,NaOH-activated SCW biochars
5,25,1440,30.0,0.15,96.67411867,NaOH-activated SCW biochars
7,25,1440,30.0,0.15,69.45804224,NaOH-activated SCW biochars
9,25,1440,30.0,0.15,61.97952194,NaOH-activated SCW biochars
11,25,1440,30.0,0.15,50.92038659,NaOH-activated SCW biochars
5,25,1440,30.0,0.15,89.5086089,NaOH-activated SCW biochars
7,25,1440,30.0,0.15,70.41925775,NaOH-activated SCW biochars
9,25,1440,30.0,0.15,63.52805071,NaOH-activated SCW biochars
11,25,1440,30.0,0.15,51.973701,NaOH-activated SCW biochars
5,25,1440,30.0,0.15,101.4544359,NaOH-activated SCW biochars
7,25,1440,30.0,0.15,74.58343387,NaOH-activated SCW biochars
9,25,1440,30.0,0.15,62.75924066,NaOH-activated SCW biochars
11,25,1440,30.0,0.15,55.1294431,NaOH-activated SCW biochars
5,25,1440,30.0,0.15,94.50644728,NaOH-activated SCW biochars
7,25,1440,30.0,0.15,59.49027235,NaOH-activated SCW biochars
9,25,1440,30.0,0.15,49.40019838,NaOH-activated SCW biochars
11,25,1440,30.0,0.15,36.53411647,NaOH-activated SCW biochars
5,25,1440,30.0,0.15,85.28836766,NaOH-activated SCW biochars
7,25,1440,30.0,0.15,60.5666738,NaOH-activated SCW biochars
9,25,1440,30.0,0.15,50.22163876,NaOH-activated SCW biochars
11,25,1440,30.0,0.15,38.06104336,NaOH-activated SCW biochars
5,25,1440,30.0,0.15,94.31416328,NaOH-activated SCW biochars
7,25,1440,30.0,0.15,64.13715308,NaOH-activated SCW biochars
9,25,1440,30.0,0.15,51.65995682,NaOH-activated SCW biochars
11,25,1440,30.0,0.15,38.30854905,NaOH-activated SCW biochars
7,25,1440,30.0,0.15,186.9041199,NaOH-activated SCW biochars
7,25,1440,30.0,0.15,193.4543834,NaOH-activated SCW biochars
7,25,1440,30.0,0.15,192.6299447,NaOH-activated SCW biochars
7,25,1440,30.0,0.15,186.9536278,NaOH-activated SCW biochars
7,25,1440,30.0,0.15,192.573243,NaOH-activated SCW biochars
7,25,1440,30.0,0.15,195.7047357,NaOH-activated SCW biochars
7,25,1440,30.0,0.15,182.8570345,NaOH-activated SCW biochars
7,25,1440,30.0,0.15,190.4094318,NaOH-activated SCW biochars
7,25,1440,30.0,0.15,191.812615,NaOH-activated SCW biochars
7,25,1440,30.0,0.15,192.0140311,NaOH-activated SCW biochars
7,25,1440,30.0,0.15,193.8653434,NaOH-activated SCW biochars
7,25,1440,30.0,0.15,192.8813951,NaOH-activated SCW biochars
7,25,1440,30.0,0.15,181.4764969,NaOH-activated SCW biochars
7,25,1440,30.0,0.15,190.729034,NaOH-activated SCW biochars
7,25,1440,30.0,0.15,188.7268436,NaOH-activated SCW biochars
7,25,1440,30.0,0.15,195.4032907,NaOH-activated SCW biochars
7,25,1440,30.0,0.15,194.0740099,NaOH-activated SCW biochars
7,25,1440,30.0,0.15,185.1498367,NaOH-activated SCW biochars
7,25,1440,30.0,0.15,84.7324625,NaOH-activated SCW biochars
7,25,1440,30.0,0.15,93.32551195,NaOH-activated SCW biochars
7,25,1440,30.0,0.15,97.76236724,NaOH-activated SCW biochars
7,25,1440,30.0,0.15,91.17129647,NaOH-activated SCW biochars
7,25,1440,30.0,0.15,102.8983275,NaOH-activated SCW biochars
7,25,1440,30.0,0.15,89.04089705,NaOH-activated SCW biochars
7,25,1440,30.0,0.15,93.63013996,NaOH-activated SCW biochars
7,25,1440,30.0,0.15,87.22656324,NaOH-activated SCW biochars
7,25,1440,30.0,0.15,93.44543259,NaOH-activated SCW biochars
7,25,1440,30.0,0.15,96.31623439,NaOH-activated SCW biochars
7,25,1440,30.0,0.15,90.96086617,NaOH-activated SCW biochars
7,25,1440,30.0,0.15,98.90939158,NaOH-activated SCW biochars
7,25,1440,30.0,0.15,85.72026179,NaOH-activated SCW biochars
7,25,1440,30.0,0.15,92.3968578,NaOH-activated SCW biochars
7,25,1440,30.0,0.15,92.86366991,NaOH-activated SCW biochars
7,25,1440,30.0,0.15,92.91179042,NaOH-activated SCW biochars
7,25,1440,30.0,0.15,96.89526426,NaOH-activated SCW biochars
7,25,1440,30.0,0.15,97.91540844,NaOH-activated SCW biochars
7,25,1440,30.0,0.15,65.45124426,NaOH-activated SCW biochars
7,25,1440,30.0,0.15,74.03291653,NaOH-activated SCW biochars
7,25,1440,30.0,0.15,74.51919699,NaOH-activated SCW biochars
7,25,1440,30.0,0.15,78.51672079,NaOH-activated SCW biochars
7,25,1440,30.0,0.15,74.02945504,NaOH-activated SCW biochars
7,25,1440,30.0,0.15,84.26549728,NaOH-activated SCW biochars
7,25,1440,30.0,0.15,74.12788052,NaOH-activated SCW biochars
7,25,1440,30.0,0.15,69.52393546,NaOH-activated SCW biochars
7,25,1440,30.0,0.15,78.45258607,NaOH-activated SCW biochars
7,25,1440,30.0,0.15,77.07906319,NaOH-activated SCW biochars
7,25,1440,30.0,0.15,84.60006871,NaOH-activated SCW biochars
7,25,1440,30.0,0.15,75.32259884,NaOH-activated SCW biochars
7,25,1440,30.0,0.15,68.52578289,NaOH-activated SCW biochars
7,25,1440,30.0,0.15,72.42641101,NaOH-activated SCW biochars
7,25,1440,30.0,0.15,76.81159533,NaOH-activated SCW biochars
7,25,1440,30.0,0.15,74.36009827,NaOH-activated SCW biochars
7,25,1440,30.0,0.15,84.17656172,NaOH-activated SCW biochars
7,25,1440,30.0,0.15,81.10042847,NaOH-activated SCW biochars
7,25,1440,30.0,0.15,171.0818153,NaOH-activated SCW biochars
7,25,1440,30.0,0.15,183.1226947,NaOH-activated SCW biochars
7,25,1440,30.0,0.15,179.105641,NaOH-activated SCW biochars
7,25,1440,30.0,0.15,186.0584129,NaOH-activated SCW biochars
7,25,1440,30.0,0.15,183.0986829,NaOH-activated SCW biochars
7,25,1440,30.0,0.15,183.2949256,NaOH-activated SCW biochars
7,25,1440,30.0,0.15,167.1365714,NaOH-activated SCW biochars
7,25,1440,30.0,0.15,173.8138417,NaOH-activated SCW biochars
7,25,1440,30.0,0.15,175.015169,NaOH-activated SCW biochars
7,25,1440,30.0,0.15,188.2817431,NaOH-activated SCW biochars
7,25,1440,30.0,0.15,180.8482088,NaOH-activated SCW biochars
7,25,1440,30.0,0.15,163.4125302,NaOH-activated SCW biochars
7,25,1440,30.0,0.15,172.0266924,NaOH-activated SCW biochars
7,25,1440,30.0,0.15,177.1620054,NaOH-activated SCW biochars
7,25,1440,30.0,0.15,181.8659906,NaOH-activated SCW biochars
7,25,1440,30.0,0.15,174.4300862,NaOH-activated SCW biochars
7,25,1440,30.0,0.15,181.2017167,NaOH-activated SCW biochars
7,25,1440,30.0,0.15,182.9370612,NaOH-activated SCW biochars
7,25,1440,30.0,0.15,73.9094479,NaOH-activated SCW biochars
7,25,1440,30.0,0.15,76.95847226,NaOH-activated SCW biochars
7,25,1440,30.0,0.15,78.75721877,NaOH-activated SCW biochars
7,25,1440,30.0,0.15,85.17762947,NaOH-activated SCW biochars
7,25,1440,30.0,0.15,80.57171083,NaOH-activated SCW biochars
7,25,1440,30.0,0.15,79.58071398,NaOH-activated SCW biochars
7,25,1440,30.0,0.15,71.49075462,NaOH-activated SCW biochars
7,25,1440,30.0,0.15,74.85381983,NaOH-activated SCW biochars
7,25,1440,30.0,0.15,78.75721877,NaOH-activated SCW biochars
7,25,1440,30.0,0.15,86.9904383,NaOH-activated SCW biochars
7,25,1440,30.0,0.15,75.48732358,NaOH-activated SCW biochars
7,25,1440,30.0,0.15,74.91688182,NaOH-activated SCW biochars
7,25,1440,30.0,0.15,75.32348477,NaOH-activated SCW biochars
7,25,1440,30.0,0.15,78.53700907,NaOH-activated SCW biochars
7,25,1440,30.0,0.15,88.3660156,NaOH-activated SCW biochars
7,25,1440,30.0,0.15,76.26832785,NaOH-activated SCW biochars
7,25,1440,30.0,0.15,82.46581214,NaOH-activated SCW biochars
7,25,1440,30.0,0.15,87.5872493,NaOH-activated SCW biochars
7,25,1440,30.0,0.15,68.56639545,NaOH-activated SCW biochars
7,25,1440,30.0,0.15,69.07685387,NaOH-activated SCW biochars
7,25,1440,30.0,0.15,70.07074155,NaOH-activated SCW biochars
7,25,1440,30.0,0.15,75.69155256,NaOH-activated SCW biochars
7,25,1440,30.0,0.15,76.30216313,NaOH-activated SCW biochars
7,25,1440,30.0,0.15,71.70044321,NaOH-activated SCW biochars
7,25,1440,30.0,0.15,67.1694913,NaOH-activated SCW biochars
7,25,1440,30.0,0.15,69.72658596,NaOH-activated SCW biochars
7,25,1440,30.0,0.15,73.17741615,NaOH-activated SCW biochars
7,25,1440,30.0,0.15,78.75705497,NaOH-activated SCW biochars
7,25,1440,30.0,0.15,67.67584838,NaOH-activated SCW biochars
7,25,1440,30.0,0.15,69.49042799,NaOH-activated SCW biochars
7,25,1440,30.0,0.15,69.68607528,NaOH-activated SCW biochars
7,25,1440,30.0,0.15,73.66875703,NaOH-activated SCW biochars
7,25,1440,30.0,0.15,82.94139049,NaOH-activated SCW biochars
7,25,1440,30.0,0.15,71.61551895,NaOH-activated SCW biochars
7,25,1440,30.0,0.15,76.74217107,NaOH-activated SCW biochars
7,25,1440,30.0,0.15,82.311239,NaOH-activated SCW biochars
7,15,1440,30.0,0.15,180.7634297,NaOH-activated SCW biochars
7,25,1440,30.0,0.15,186.9041199,NaOH-activated SCW biochars
7,35,1440,30.0,0.15,187.2880648,NaOH-activated SCW biochars
7,15,1440,30.0,0.15,175.6996757,NaOH-activated SCW biochars
7,25,1440,30.0,0.15,182.8570345,NaOH-activated SCW biochars
7,35,1440,30.0,0.15,190.3648594,NaOH-activated SCW biochars
7,15,1440,30.0,0.15,181.6170003,NaOH-activated SCW biochars
7,25,1440,30.0,0.15,181.4764969,NaOH-activated SCW biochars
7,35,1440,30.0,0.15,187.8359454,NaOH-activated SCW biochars
7,15,1440,30.0,0.15,76.76053759,NaOH-activated SCW biochars
7,25,1440,30.0,0.15,84.7324625,NaOH-activated SCW biochars
7,35,1440,30.0,0.15,109.9616436,NaOH-activated SCW biochars
7,15,1440,30.0,0.15,74.97520177,NaOH-activated SCW biochars
7,25,1440,30.0,0.15,93.63013996,NaOH-activated SCW biochars
7,35,1440,30.0,0.15,123.7457944,NaOH-activated SCW biochars
7,15,1440,30.0,0.15,80.51766544,NaOH-activated SCW biochars
7,25,1440,30.0,0.15,85.72026179,NaOH-activated SCW biochars
7,35,1440,30.0,0.15,103.4994497,NaOH-activated SCW biochars
7,15,1440,30.0,0.15,61.92134518,NaOH-activated SCW biochars
7,25,1440,30.0,0.15,65.45124426,NaOH-activated SCW biochars
7,35,1440,30.0,0.15,85.17352158,NaOH-activated SCW biochars
7,15,1440,30.0,0.15,59.7152636,NaOH-activated SCW biochars
7,25,1440,30.0,0.15,74.12788052,NaOH-activated SCW biochars
7,35,1440,30.0,0.15,95.71531546,NaOH-activated SCW biochars
7,15,1440,30.0,0.15,64.75980268,NaOH-activated SCW biochars
7,25,1440,30.0,0.15,68.52578289,NaOH-activated SCW biochars
7,35,1440,30.0,0.15,81.30634152,NaOH-activated SCW biochars
7,15,1440,30.0,0.15,167.0779885,NaOH-activated SCW biochars
7,25,1440,30.0,0.15,173.451059,NaOH-activated SCW biochars
7,35,1440,30.0,0.15,171.8781326,NaOH-activated SCW biochars
7,15,1440,30.0,0.15,167.1173431,NaOH-activated SCW biochars
7,25,1440,30.0,0.15,178.3676148,NaOH-activated SCW biochars
7,35,1440,30.0,0.15,181.832546,NaOH-activated SCW biochars
7,15,1440,30.0,0.15,166.6781714,NaOH-activated SCW biochars
7,25,1440,30.0,0.15,185.2729541,NaOH-activated SCW biochars
7,35,1440,30.0,0.15,182.5054114,NaOH-activated SCW biochars
7,15,1440,30.0,0.15,71.09255716,NaOH-activated SCW biochars
7,25,1440,30.0,0.15,76.57545065,NaOH-activated SCW biochars
7,35,1440,30.0,0.15,78.16933865,NaOH-activated SCW biochars
7,15,1440,30.0,0.15,72.89459636,NaOH-activated SCW biochars
7,25,1440,30.0,0.15,82.87889926,NaOH-activated SCW biochars
7,35,1440,30.0,0.15,92.57221471,NaOH-activated SCW biochars
7,15,1440,30.0,0.15,76.12357913,NaOH-activated SCW biochars
7,25,1440,30.0,0.15,83.74712179,NaOH-activated SCW biochars
7,35,1440,30.0,0.15,87.78495046,NaOH-activated SCW biochars
7,15,1440,30.0,0.15,56.72166793,NaOH-activated SCW biochars
7,25,1440,30.0,0.15,59.49027235,NaOH-activated SCW biochars
7,35,1440,30.0,0.15,68.27619918,NaOH-activated SCW biochars
7,15,1440,30.0,0.15,57.641649,NaOH-activated SCW biochars
7,25,1440,30.0,0.15,60.5666738,NaOH-activated SCW biochars
7,35,1440,30.0,0.15,69.79127526,NaOH-activated SCW biochars
7,15,1440,30.0,0.15,69.67945751,NaOH-activated SCW biochars
7,25,1440,30.0,0.15,64.13715308,NaOH-activated SCW biochars
7,35,1440,30.0,0.15,72.95294034,NaOH-activated SCW biochars
