pH,Temperature,Contact time,Initial concentration,Adsorbent dosage,Adsorption capacity
7,25,0,30.0,0.15,0.0
7,25,30,30.0,0.15,197.8062144
7,25,60,30.0,0.15,150.1989005
7,25,120,30.0,0.15,167.5159495
7,25,240,30.0,0.15,149.605412
7,25,480,30.0,0.15,195.9498078
7,25,720,30.0,0.15,167.515083
7,25,960,30.0,0.15,186.4946966
7,25,1440,30.0,0.15,186.4946966
7,25,0,30.0,0.15,0.0
7,25,30,30.0,0.15,133.9387453
7,25,60,30.0,0.15,147.6588002
7,25,120,30.0,0.15,148.4531924
7,25,240,30.0,0.15,176.1731686
7,25,480,30.0,0.15,193.5824935
7,25,720,30.0,0.15,193.6168628
7,25,960,30.0,0.15,194.2473483
7,25,1440,30.0,0.15,194.2473483
7,25,0,30.0,0.15,0.0
7,25,30,30.0,0.15,144.533151
7,25,60,30.0,0.15,160.0832954
7,25,120,30.0,0.15,157.48997
7,25,240,30.0,0.15,187.9339624
7,25,480,30.0,0.15,180.7380892
7,25,720,30.0,0.15,194.3002695
7,25,960,30.0,0.15,194.1076374
7,25,1440,30.0,0.15,194.1076374
7,25,0,30.0,0.15,0.0
7,25,30,30.0,0.15,145.5371278
7,25,60,30.0,0.15,91.05162851
7,25,120,30.0,0.15,107.1628758
7,25,240,30.0,0.15,83.81957075
7,25,480,30.0,0.15,110.8222473
7,25,720,30.0,0.15,82.1890143
7,25,960,30.0,0.15,90.8839765
7,25,1440,30.0,0.15,90.8839765
7,25,0,30.0,0.15,0.0
7,25,30,30.0,0.15,70.50262639
7,25,60,30.0,0.15,88.93581999
7,25,120,30.0,0.15,85.37041814
7,25,240,30.0,0.15,109.4004336
7,25,480,30.0,0.15,92.89581855
7,25,720,30.0,0.15,98.33483822
7,25,960,30.0,0.15,100.211
7,25,1440,30.0,0.15,91.25331613
7,25,0,30.0,0.15,0.0
7,25,30,30.0,0.15,85.45114121
7,25,60,30.0,0.15,92.14540113
7,25,120,30.0,0.15,95.45575979
7,25,240,30.0,0.15,102.0173098
7,25,480,30.0,0.15,86.33087176
7,25,720,30.0,0.15,99.37428786
7,25,960,30.0,0.15,98.53143789
7,25,1440,30.0,0.15,107.8474291
7,25,0,30.0,0.15,0.0
7,25,30,30.0,0.15,122.2710243
7,25,60,30.0,0.15,73.19550477
7,25,120,30.0,0.15,86.91503319
7,25,240,30.0,0.15,68.53641667
7,25,480,30.0,0.15,87.9671812
7,25,720,30.0,0.15,62.81852335
7,25,960,30.0,0.15,72.58487273
7,25,1440,30.0,0.15,72.58487273
7,25,0,30.0,0.15,0.0
7,25,30,30.0,0.15,55.28905586
7,25,60,30.0,0.15,75.21676107
7,25,120,30.0,0.15,69.24782798
7,25,240,30.0,0.15,89.11830469
7,25,480,30.0,0.15,68.49643457
7,25,720,30.0,0.15,79.15079906
7,25,960,30.0,0.15,80.96391749
7,25,1440,30.0,0.15,73.1777263
7,25,0,30.0,0.15,0.0
7,25,30,30.0,0.15,71.26186908
7,25,60,30.0,0.15,73.30368092
7,25,120,30.0,0.15,79.17594846
7,25,240,30.0,0.15,79.91301527
7,25,480,30.0,0.15,65.97291703
7,25,720,30.0,0.15,75.44196368
7,25,960,30.0,0.15,79.93079374
7,25,1440,30.0,0.15,87.71698493
7,25,0,30.0,0.15,0.0
7,25,30,30.0,0.15,90.16372742
7,25,60,30.0,0.15,101.6589423
7,25,120,30.0,0.15,131.7447333
7,25,240,30.0,0.15,159.1299781
7,25,480,30.0,0.15,167.0261165
7,25,720,30.0,0.15,174.3891721
7,25,960,30.0,0.15,174.5851161
7,25,1440,30.0,0.15,174.4023557
7,25,0,30.0,0.15,0.0
7,25,30,30.0,0.15,97.30484165
7,25,60,30.0,0.15,104.2284102
7,25,120,30.0,0.15,130.5675555
7,25,240,30.0,0.15,137.6983484
7,25,480,30.0,0.15,166.7371919
7,25,720,30.0,0.15,169.4636967
7,25,960,30.0,0.15,174.0739176
7,25,1440,30.0,0.15,174.6533266
7,25,0,30.0,0.15,0.0
7,25,30,30.0,0.15,81.21305296
7,25,60,30.0,0.15,105.2579301
7,25,120,30.0,0.15,130.9519993
7,25,240,30.0,0.15,153.5606127
7,25,480,30.0,0.15,165.6472907
7,25,720,30.0,0.15,179.0690258
7,25,960,30.0,0.15,174.0987509
7,25,1440,30.0,0.15,174.0997342
7,25,0,30.0,0.15,0.0
7,25,30,30.0,0.15,48.76561963
7,25,60,30.0,0.15,59.25733972
7,25,120,30.0,0.15,75.37698164
7,25,240,30.0,0.15,82.2331982
7,25,480,30.0,0.15,81.07539783
7,25,720,30.0,0.15,83.55758536
7,25,960,30.0,0.15,83.15424445
7,25,1440,30.0,0.15,77.84886873
7,25,0,30.0,0.15,0.0
7,25,30,30.0,0.15,49.82859055
7,25,60,30.0,0.15,61.17099034
7,25,120,30.0,0.15,73.87287411
7,25,240,30.0,0.15,84.01079555
7,25,480,30.0,0.15,83.48408389
7,25,720,30.0,0.15,82.83055081
7,25,960,30.0,0.15,82.32420485
7,25,1440,30.0,0.15,77.22438452
7,25,0,30.0,0.15,0.0
7,25,30,30.0,0.15,48.58470016
7,25,60,30.0,0.15,60.68388993
7,25,120,30.0,0.15,73.12544754
7,25,240,30.0,0.15,80.48293555
7,25,480,30.0,0.15,81.93930885
7,25,720,30.0,0.15,82.6411851
7,25,960,30.0,0.15,82.6411851
7,25,1440,30.0,0.15,77.29375601
7,25,0,30.0,0.15,0.0
7,25,30,30.0,0.15,38.20195295
7,25,60,30.0,0.15,49.12704629
7,25,120,30.0,0.15,63.24195191
7,25,240,30.0,0.15,65.04069084
7,25,480,30.0,0.15,65.18409441
7,25,720,30.0,0.15,65.30178063
7,25,960,30.0,0.15,65.65806376
7,25,1440,30.0,0.15,62.05258655
7,25,0,30.0,0.15,0.0
7,25,30,30.0,0.15,38.28960079
7,25,60,30.0,0.15,47.76470588
7,25,120,30.0,0.15,62.99284614
7,25,240,30.0,0.15,65.00045691
7,25,480,30.0,0.15,65.31376465
7,25,720,30.0,0.15,66.30728963
7,25,960,30.0,0.15,66.37257513
7,25,1440,30.0,0.15,61.42780915
7,25,0,30.0,0.15,0.0
7,25,30,30.0,0.15,37.61648521
7,25,60,30.0,0.15,53.95005352
7,25,120,30.0,0.15,62.754432
7,25,240,30.0,0.15,58.29815148
7,25,480,30.0,0.15,61.55100389
7,25,720,30.0,0.15,62.44209028
7,25,960,30.0,0.15,61.30115402
7,25,1440,30.0,0.15,61.32747771
7,25,1440,10.0,0.15,64.28113937
7,25,1440,20.0,0.15,130.2845151
7,25,1440,30.0,0.15,188.691543
7,25,1440,40.0,0.15,250.8498015
7,25,1440,50.0,0.15,267.7647505
7,25,1440,10.0,0.15,64.2882987
7,25,1440,20.0,0.15,130.4479165
7,25,1440,30.0,0.15,189.7662175
7,25,1440,40.0,0.15,236.0124778
7,25,1440,50.0,0.15,265.9695332
7,25,1440,10.0,0.15,64.28994126
7,25,1440,20.0,0.15,129.7318822
7,25,1440,30.0,0.15,192.3271992
7,25,1440,40.0,0.15,246.5544737
7,25,1440,50.0,0.15,266.2126217
7,25,1440,10.0,0.15,63.06336646
7,25,1440,20.0,0.15,93.21063911
7,25,1440,30.0,0.15,90.9394638
7,25,1440,40.0,0.15,103.6557078
7,25,1440,50.0,0.15,95.19579171
7,25,1440,10.0,0.15,62.57653284
7,25,1440,20.0,0.15,100.7224628
7,25,1440,30.0,0.15,93.91547723
7,25,1440,40.0,0.15,97.69569189
7,25,1440,50.0,0.15,87.18488053
7,25,1440,10.0,0.15,62.2813586
7,25,1440,20.0,0.15,92.93395168
7,25,1440,30.0,0.15,102.4109218
7,25,1440,40.0,0.15,100.369383
7,25,1440,50.0,0.15,87.88959852
7,25,1440,10.0,0.15,60.56256149
7,25,1440,20.0,0.15,70.38856734
7,25,1440,30.0,0.15,70.69892803
7,25,1440,40.0,0.15,96.49892036
7,25,1440,50.0,0.15,74.63207993
7,25,1440,10.0,0.15,59.62634316
7,25,1440,20.0,0.15,76.26578251
7,25,1440,30.0,0.15,72.68331481
7,25,1440,40.0,0.15,71.02359871
7,25,1440,50.0,0.15,65.98984246
7,25,1440,10.0,0.15,59.06881572
7,25,1440,20.0,0.15,66.7194092
7,25,1440,30.0,0.15,79.86046482
7,25,1440,40.0,0.15,82.90389308
7,25,1440,50.0,0.15,66.17053164
7,25,1440,10.0,0.15,64.8903021
7,25,1440,20.0,0.15,126.1433558
7,25,1440,30.0,0.15,185.1952087
7,25,1440,40.0,0.15,224.3642559
7,25,1440,50.0,0.15,253.7893399
7,25,1440,10.0,0.15,65.00011112
7,25,1440,20.0,0.15,126.0338032
7,25,1440,30.0,0.15,185.4803703
7,25,1440,40.0,0.15,225.3867619
7,25,1440,50.0,0.15,242.6313591
7,25,1440,10.0,0.15,64.88745858
7,25,1440,20.0,0.15,125.8746342
7,25,1440,30.0,0.15,185.3826534
7,25,1440,40.0,0.15,229.5904756
7,25,1440,50.0,0.15,256.5606528
7,25,1440,10.0,0.15,54.51822576
7,25,1440,20.0,0.15,77.09472432
7,25,1440,30.0,0.15,92.41984573
7,25,1440,40.0,0.15,86.86297093
7,25,1440,50.0,0.15,114.5396487
7,25,1440,10.0,0.15,55.99221794
7,25,1440,20.0,0.15,70.47311206
7,25,1440,30.0,0.15,109.0937645
7,25,1440,40.0,0.15,92.0230423
7,25,1440,50.0,0.15,95.69277177
7,25,1440,10.0,0.15,54.75327727
7,25,1440,20.0,0.15,86.63204392
7,25,1440,30.0,0.15,87.70689064
7,25,1440,40.0,0.15,96.55184796
7,25,1440,50.0,0.15,92.80229311
7,25,1440,10.0,0.15,52.79813938
7,25,1440,20.0,0.15,65.8862209
7,25,1440,30.0,0.15,71.73979226
7,25,1440,40.0,0.15,79.65647002
7,25,1440,50.0,0.15,74.77360153
7,25,1440,10.0,0.15,54.40193413
7,25,1440,20.0,0.15,66.76808811
7,25,1440,30.0,0.15,71.5674189
7,25,1440,40.0,0.15,69.80109888
7,25,1440,50.0,0.15,73.28729951
7,25,1440,10.0,0.15,52.90707681
7,25,1440,20.0,0.15,84.43127563
7,25,1440,30.0,0.15,72.73453868
7,25,1440,40.0,0.15,70.35687624
7,25,1440,50.0,0.15,73.29670399
5,25,1440,30.0,0.15,197.4756468
7,25,1440,30.0,0.15,173.2751979
9,25,1440,30.0,0.15,174.6705689
11,25,1440,30.0,0.15,168.5760905
5,25,1440,30.0,0.15,195.8013002
7,25,1440,30.0,0.15,188.0500596
9,25,1440,30.0,0.15,173.2815246
11,25,1440,30.0,0.15,176.8751278
5,25,1440,30.0,0.15,196.7817474
7,25,1440,30.0,0.15,195.1656634
9,25,1440,30.0,0.15,184.4251748
11,25,1440,30.0,0.15,171.3788888
5,25,1440,30.0,0.15,118.9174435
7,25,1440,30.0,0.15,91.4210862
9,25,1440,30.0,0.15,87.55866613
11,25,1440,30.0,0.15,80.01233269
5,25,1440,30.0,0.15,121.060048
7,25,1440,30.0,0.15,101.5108208
9,25,1440,30.0,0.15,77.27186751
11,25,1440,30.0,0.15,82.95070272
5,25,1440,30.0,0.15,114.1393361
7,25,1440,30.0,0.15,107.1711819
9,25,1440,30.0,0.15,92.95279609
11,25,1440,30.0,0.15,76.62904474
5,25,1440,30.0,0.15,110.1641806
7,25,1440,30.0,0.15,74.58543937
9,25,1440,30.0,0.15,65.19424479
11,25,1440,30.0,0.15,52.04717631
5,25,1440,30.0,0.15,117.8334879
7,25,1440,30.0,0.15,80.8909112
9,25,1440,30.0,0.15,55.95778911
11,25,1440,30.0,0.15,51.92702275
5,25,1440,30.0,0.15,107.3614267
7,25,1440,30.0,0.15,88.38450936
9,25,1440,30.0,0.15,68.07346008
11,25,1440,30.0,0.15,49.08041271
5,25,1440,30.0,0.15,187.4285651
7,25,1440,30.0,0.15,171.400377
9,25,1440,30.0,0.15,151.4639055
11,25,1440,30.0,0.15,145.3785096
5,25,1440,30.0,0.15,193.1199712
7,25,1440,30.0,0.15,171.2564149
9,25,1440,30.0,0.15,159.3441062
11,25,1440,30.0,0.15,150.9168829
5,25,1440,30.0,0.15,190.595886
7,25,1440,30.0,0.15,174.855173
9,25,1440,30.0,0.15,152.656609
11,25,1440,30.0,0.15,141.4453925
5,25,1440,30.0,0.15,96.67411867
7,25,1440,30.0,0.15,69.45804224
9,25,1440,30.0,0.15,61.97952194
11,25,1440,30.0,0.15,50.92038659
5,25,1440,30.0,0.15,89.5086089
7,25,1440,30.0,0.15,70.41925775
9,25,1440,30.0,0.15,63.52805071
11,25,1440,30.0,0.15,51.973701
5,25,1440,30.0,0.15,101.4544359
7,25,1440,30.0,0.15,74.58343387
9,25,1440,30.0,0.15,62.75924066
11,25,1440,30.0,0.15,55.1294431
5,25,1440,30.0,0.15,94.50644728
7,25,1440,30.0,0.15,59.49027235
9,25,1440,30.0,0.15,49.40019838
11,25,1440,30.0,0.15,36.53411647
5,25,1440,30.0,0.15,85.28836766
7,25,1440,30.0,0.15,60.5666738
9,25,1440,30.0,0.15,50.22163876
11,25,1440,30.0,0.15,38.06104336
5,25,1440,30.0,0.15,94.31416328
7,25,1440,30.0,0.15,64.13715308
9,25,1440,30.0,0.15,51.65995682
11,25,1440,30.0,0.15,38.30854905
7,25,1440,30.0,0.15,186.9041199
7,25,1440,30.0,0.15,193.4543834
7,25,1440,30.0,0.15,192.6299447
7,25,1440,30.0,0.15,186.9536278
7,25,1440,30.0,0.15,192.573243
7,25,1440,30.0,0.15,195.7047357
7,25,1440,30.0,0.15,182.8570345
7,25,1440,30.0,0.15,190.4094318
7,25,1440,30.0,0.15,191.812615
7,25,1440,30.0,0.15,192.0140311
7,25,1440,30.0,0.15,193.8653434
7,25,1440,30.0,0.15,192.8813951
7,25,1440,30.0,0.15,181.4764969
7,25,1440,30.0,0.15,190.729034
7,25,1440,30.0,0.15,188.7268436
7,25,1440,30.0,0.15,195.4032907
7,25,1440,30.0,0.15,194.0740099
7,25,1440,30.0,0.15,185.1498367
7,25,1440,30.0,0.15,84.7324625
7,25,1440,30.0,0.15,93.32551195
7,25,1440,30.0,0.15,97.76236724
7,25,1440,30.0,0.15,91.17129647
7,25,1440,30.0,0.15,102.8983275
7,25,1440,30.0,0.15,89.04089705
7,25,1440,30.0,0.15,93.63013996
7,25,1440,30.0,0.15,87.22656324
7,25,1440,30.0,0.15,93.44543259
7,25,1440,30.0,0.15,96.31623439
7,25,1440,30.0,0.15,90.96086617
7,25,1440,30.0,0.15,98.90939158
7,25,1440,30.0,0.15,85.72026179
7,25,1440,30.0,0.15,92.3968578
7,25,1440,30.0,0.15,92.86366991
7,25,1440,30.0,0.15,92.91179042
7,25,1440,30.0,0.15,96.89526426
7,25,1440,30.0,0.15,97.91540844
7,25,1440,30.0,0.15,65.45124426
7,25,1440,30.0,0.15,74.03291653
7,25,1440,30.0,0.15,74.51919699
7,25,1440,30.0,0.15,78.51672079
7,25,1440,30.0,0.15,74.02945504
7,25,1440,30.0,0.15,84.26549728
7,25,1440,30.0,0.15,74.12788052
7,25,1440,30.0,0.15,69.52393546
7,25,1440,30.0,0.15,78.45258607
7,25,1440,30.0,0.15,77.07906319
7,25,1440,30.0,0.15,84.60006871
7,25,1440,30.0,0.15,75.32259884
7,25,1440,30.0,0.15,68.52578289
7,25,1440,30.0,0.15,72.42641101
7,25,1440,30.0,0.15,76.81159533
7,25,1440,30.0,0.15,74.36009827
7,25,1440,30.0,0.15,84.17656172
7,25,1440,30.0,0.15,81.10042847
7,25,1440,30.0,0.15,171.0818153
7,25,1440,30.0,0.15,183.1226947
7,25,1440,30.0,0.15,179.105641
7,25,1440,30.0,0.15,186.0584129
7,25,1440,30.0,0.15,183.0986829
7,25,1440,30.0,0.15,183.2949256
7,25,1440,30.0,0.15,167.1365714
7,25,1440,30.0,0.15,173.8138417
7,25,1440,30.0,0.15,175.015169
7,25,1440,30.0,0.15,188.2817431
7,25,1440,30.0,0.15,180.8482088
7,25,1440,30.0,0.15,163.4125302
7,25,1440,30.0,0.15,172.0266924
7,25,1440,30.0,0.15,177.1620054
7,25,1440,30.0,0.15,181.8659906
7,25,1440,30.0,0.15,174.4300862
7,25,1440,30.0,0.15,181.2017167
7,25,1440,30.0,0.15,182.9370612
7,25,1440,30.0,0.15,73.9094479
7,25,1440,30.0,0.15,76.95847226
7,25,1440,30.0,0.15,78.75721877
7,25,1440,30.0,0.15,85.17762947
7,25,1440,30.0,0.15,80.57171083
7,25,1440,30.0,0.15,79.58071398
7,25,1440,30.0,0.15,71.49075462
7,25,1440,30.0,0.15,74.85381983
7,25,1440,30.0,0.15,78.75721877
7,25,1440,30.0,0.15,86.9904383
7,25,1440,30.0,0.15,75.48732358
7,25,1440,30.0,0.15,74.91688182
7,25,1440,30.0,0.15,75.32348477
7,25,1440,30.0,0.15,78.53700907
7,25,1440,30.0,0.15,88.3660156
7,25,1440,30.0,0.15,76.26832785
7,25,1440,30.0,0.15,82.46581214
7,25,1440,30.0,0.15,87.5872493
7,25,1440,30.0,0.15,68.56639545
7,25,1440,30.0,0.15,69.07685387
7,25,1440,30.0,0.15,70.07074155
7,25,1440,30.0,0.15,75.69155256
7,25,1440,30.0,0.15,76.30216313
7,25,1440,30.0,0.15,71.70044321
7,25,1440,30.0,0.15,67.1694913
7,25,1440,30.0,0.15,69.72658596
7,25,1440,30.0,0.15,73.17741615
7,25,1440,30.0,0.15,78.75705497
7,25,1440,30.0,0.15,67.67584838
7,25,1440,30.0,0.15,69.49042799
7,25,1440,30.0,0.15,69.68607528
7,25,1440,30.0,0.15,73.66875703
7,25,1440,30.0,0.15,82.94139049
7,25,1440,30.0,0.15,71.61551895
7,25,1440,30.0,0.15,76.74217107
7,25,1440,30.0,0.15,82.311239
7,15,1440,30.0,0.15,180.7634297
7,25,1440,30.0,0.15,186.9041199
7,35,1440,30.0,0.15,187.2880648
7,15,1440,30.0,0.15,175.6996757
7,25,1440,30.0,0.15,182.8570345
7,35,1440,30.0,0.15,190.3648594
7,15,1440,30.0,0.15,181.6170003
7,25,1440,30.0,0.15,181.4764969
7,35,1440,30.0,0.15,187.8359454
7,15,1440,30.0,0.15,76.76053759
7,25,1440,30.0,0.15,84.7324625
7,35,1440,30.0,0.15,109.9616436
7,15,1440,30.0,0.15,74.97520177
7,25,1440,30.0,0.15,93.63013996
7,35,1440,30.0,0.15,123.7457944
7,15,1440,30.0,0.15,80.51766544
7,25,1440,30.0,0.15,85.72026179
7,35,1440,30.0,0.15,103.4994497
7,15,1440,30.0,0.15,61.92134518
7,25,1440,30.0,0.15,65.45124426
7,35,1440,30.0,0.15,85.17352158
7,15,1440,30.0,0.15,59.7152636
7,25,1440,30.0,0.15,74.12788052
7,35,1440,30.0,0.15,95.71531546
7,15,1440,30.0,0.15,64.75980268
7,25,1440,30.0,0.15,68.52578289
7,35,1440,30.0,0.15,81.30634152
7,15,1440,30.0,0.15,167.0779885
7,25,1440,30.0,0.15,173.451059
7,35,1440,30.0,0.15,171.8781326
7,15,1440,30.0,0.15,167.1173431
7,25,1440,30.0,0.15,178.3676148
7,35,1440,30.0,0.15,181.832546
7,15,1440,30.0,0.15,166.6781714
7,25,1440,30.0,0.15,185.2729541
7,35,1440,30.0,0.15,182.5054114
7,15,1440,30.0,0.15,71.09255716
7,25,1440,30.0,0.15,76.57545065
7,35,1440,30.0,0.15,78.16933865
7,15,1440,30.0,0.15,72.89459636
7,25,1440,30.0,0.15,82.87889926
7,35,1440,30.0,0.15,92.57221471
7,15,1440,30.0,0.15,76.12357913
7,25,1440,30.0,0.15,83.74712179
7,35,1440,30.0,0.15,87.78495046
7,15,1440,30.0,0.15,56.72166793
7,25,1440,30.0,0.15,59.49027235
7,35,1440,30.0,0.15,68.27619918
7,15,1440,30.0,0.15,57.641649
7,25,1440,30.0,0.15,60.5666738
7,35,1440,30.0,0.15,69.79127526
7,15,1440,30.0,0.15,69.67945751
7,25,1440,30.0,0.15,64.13715308
7,35,1440,30.0,0.15,72.95294034
